,mean_fit_time,mean_score_time,mean_test_score,mean_train_score,param_clf,param_clf__max_depth,param_clf__max_features,param_clf__min_samples_leaf,param_clf__n_estimators,param_clf__random_state,param_clf__strategy,params,rank_test_score,split0_test_score,split0_train_score,split1_test_score,split1_train_score,split2_test_score,split2_train_score,split3_test_score,split3_train_score,split4_test_score,split4_train_score,std_fit_time,std_score_time,std_test_score,std_train_score,Version
0,0.0036095142364501952,0.0020052909851074217,0.6289592760180995,0.6289594279069083,"DummyClassifier(constant=None, random_state=None, strategy='stratified')",,,,,,most_frequent,"{'clf': DummyClassifier(constant=None, random_state=None, strategy='stratified'), 'clf__strategy': 'most_frequent'}",14,0.6268656716417911,0.6294896030245747,0.631578947368421,0.6283018867924528,0.6287878787878788,0.6290018832391714,0.6287878787878788,0.6290018832391714,0.6287878787878788,0.6290018832391714,0.0004914203708292174,2.7804145311571603e-07,0.0015100045908668387,0.00037917102692707177,V000003
1,1.087090826034546,0.05735235214233399,0.808446455505279,0.8122180503070767,"RandomForestClassifier(bootstrap=True, class_weight=None, criterion='gini',
            max_depth=None, max_features=None, max_leaf_nodes=None,
            min_impurity_decrease=0.0, min_impurity_split=None,
            min_samples_leaf=5, min_samples_split=2,
            min_weight_fraction_leaf=0.0, n_estimators=500, n_jobs=1,
            oob_score=False, random_state=7, verbose=0, warm_start=False)",3,3,5,500,7,,"{'clf': RandomForestClassifier(bootstrap=True, class_weight=None, criterion='gini',
            max_depth=None, max_features=None, max_leaf_nodes=None,
            min_impurity_decrease=0.0, min_impurity_split=None,
            min_samples_leaf=5, min_samples_split=2,
            min_weight_fraction_leaf=0.0, n_estimators=500, n_jobs=1,
            oob_score=False, random_state=7, verbose=0, warm_start=False), 'clf__max_depth': 3, 'clf__max_features': 3, 'clf__min_samples_leaf': 5, 'clf__n_estimators': 500, 'clf__random_state': 7}",5,0.7985074626865671,0.8147448015122873,0.8045112781954887,0.809433962264151,0.8181818181818182,0.8097928436911488,0.8181818181818182,0.8173258003766478,0.803030303030303,0.8097928436911488,0.024399194821162005,0.010193372078776982,0.008164039535139537,0.003224530443859388,V000003
2,1.1340167999267579,0.06517171859741211,0.8009049773755657,0.8099531806470157,"RandomForestClassifier(bootstrap=True, class_weight=None, criterion='gini',
            max_depth=None, max_features=None, max_leaf_nodes=None,
            min_impurity_decrease=0.0, min_impurity_split=None,
            min_samples_leaf=5, min_samples_split=2,
            min_weight_fraction_leaf=0.0, n_estimators=500, n_jobs=1,
            oob_score=False, random_state=7, verbose=0, warm_start=False)",3,3,10,500,7,,"{'clf': RandomForestClassifier(bootstrap=True, class_weight=None, criterion='gini',
            max_depth=None, max_features=None, max_leaf_nodes=None,
            min_impurity_decrease=0.0, min_impurity_split=None,
            min_samples_leaf=5, min_samples_split=2,
            min_weight_fraction_leaf=0.0, n_estimators=500, n_jobs=1,
            oob_score=False, random_state=7, verbose=0, warm_start=False), 'clf__max_depth': 3, 'clf__max_features': 3, 'clf__min_samples_leaf': 10, 'clf__n_estimators': 500, 'clf__random_state': 7}",10,0.7611940298507462,0.8090737240075614,0.8045112781954887,0.8075471698113208,0.8106060606060606,0.8060263653483992,0.8257575757575758,0.8173258003766478,0.803030303030303,0.8097928436911488,0.0358900328648078,0.007554582066115105,0.02153923036700877,0.003908028662351067,V000003
3,1.2268619060516357,0.06958508491516113,0.8099547511312217,0.8355922759318515,"RandomForestClassifier(bootstrap=True, class_weight=None, criterion='gini',
            max_depth=None, max_features=None, max_leaf_nodes=None,
            min_impurity_decrease=0.0, min_impurity_split=None,
            min_samples_leaf=5, min_samples_split=2,
            min_weight_fraction_leaf=0.0, n_estimators=500, n_jobs=1,
            oob_score=False, random_state=7, verbose=0, warm_start=False)",3,,5,500,7,,"{'clf': RandomForestClassifier(bootstrap=True, class_weight=None, criterion='gini',
            max_depth=None, max_features=None, max_leaf_nodes=None,
            min_impurity_decrease=0.0, min_impurity_split=None,
            min_samples_leaf=5, min_samples_split=2,
            min_weight_fraction_leaf=0.0, n_estimators=500, n_jobs=1,
            oob_score=False, random_state=7, verbose=0, warm_start=False), 'clf__max_depth': 3, 'clf__max_features': None, 'clf__min_samples_leaf': 5, 'clf__n_estimators': 500, 'clf__random_state': 7}",4,0.8134328358208955,0.8355387523629489,0.8270676691729323,0.8264150943396227,0.803030303030303,0.8418079096045198,0.803030303030303,0.8305084745762712,0.803030303030303,0.8436911487758946,0.014483078191770993,0.012628973186024788,0.00947790314732581,0.0065466694779705795,V000003
4,1.2527307510375976,0.06276755332946778,0.8054298642533937,0.8216406528177354,"RandomForestClassifier(bootstrap=True, class_weight=None, criterion='gini',
            max_depth=None, max_features=None, max_leaf_nodes=None,
            min_impurity_decrease=0.0, min_impurity_split=None,
            min_samples_leaf=5, min_samples_split=2,
            min_weight_fraction_leaf=0.0, n_estimators=500, n_jobs=1,
            oob_score=False, random_state=7, verbose=0, warm_start=False)",3,,10,500,7,,"{'clf': RandomForestClassifier(bootstrap=True, class_weight=None, criterion='gini',
            max_depth=None, max_features=None, max_leaf_nodes=None,
            min_impurity_decrease=0.0, min_impurity_split=None,
            min_samples_leaf=5, min_samples_split=2,
            min_weight_fraction_leaf=0.0, n_estimators=500, n_jobs=1,
            oob_score=False, random_state=7, verbose=0, warm_start=False), 'clf__max_depth': 3, 'clf__max_features': None, 'clf__min_samples_leaf': 10, 'clf__n_estimators': 500, 'clf__random_state': 7}",7,0.8059701492537313,0.8223062381852552,0.8120300751879699,0.8113207547169812,0.7878787878787878,0.8267419962335216,0.8106060606060606,0.8116760828625236,0.8106060606060606,0.8361581920903954,0.03598774768603325,0.014003910017809798,0.00898865024944406,0.009412954969219064,V000003
5,1.1929720878601073,0.06116209030151367,0.808446455505279,0.846895969524264,"RandomForestClassifier(bootstrap=True, class_weight=None, criterion='gini',
            max_depth=None, max_features=None, max_leaf_nodes=None,
            min_impurity_decrease=0.0, min_impurity_split=None,
            min_samples_leaf=5, min_samples_split=2,
            min_weight_fraction_leaf=0.0, n_estimators=500, n_jobs=1,
            oob_score=False, random_state=7, verbose=0, warm_start=False)",5,3,5,500,7,,"{'clf': RandomForestClassifier(bootstrap=True, class_weight=None, criterion='gini',
            max_depth=None, max_features=None, max_leaf_nodes=None,
            min_impurity_decrease=0.0, min_impurity_split=None,
            min_samples_leaf=5, min_samples_split=2,
            min_weight_fraction_leaf=0.0, n_estimators=500, n_jobs=1,
            oob_score=False, random_state=7, verbose=0, warm_start=False), 'clf__max_depth': 5, 'clf__max_features': 3, 'clf__min_samples_leaf': 5, 'clf__n_estimators': 500, 'clf__random_state': 7}",5,0.8134328358208955,0.831758034026465,0.8195488721804511,0.8452830188679246,0.8106060606060606,0.847457627118644,0.7878787878787878,0.8587570621468926,0.8106060606060606,0.8512241054613936,0.03054017716685024,0.006651135674243095,0.010762549615235675,0.008848643275683367,V000003
6,1.1879587173461914,0.06316795349121093,0.7933634992458521,0.8276662940758872,"RandomForestClassifier(bootstrap=True, class_weight=None, criterion='gini',
            max_depth=None, max_features=None, max_leaf_nodes=None,
            min_impurity_decrease=0.0, min_impurity_split=None,
            min_samples_leaf=5, min_samples_split=2,
            min_weight_fraction_leaf=0.0, n_estimators=500, n_jobs=1,
            oob_score=False, random_state=7, verbose=0, warm_start=False)",5,3,10,500,7,,"{'clf': RandomForestClassifier(bootstrap=True, class_weight=None, criterion='gini',
            max_depth=None, max_features=None, max_leaf_nodes=None,
            min_impurity_decrease=0.0, min_impurity_split=None,
            min_samples_leaf=5, min_samples_split=2,
            min_weight_fraction_leaf=0.0, n_estimators=500, n_jobs=1,
            oob_score=False, random_state=7, verbose=0, warm_start=False), 'clf__max_depth': 5, 'clf__max_features': 3, 'clf__min_samples_leaf': 10, 'clf__n_estimators': 500, 'clf__random_state': 7}",12,0.7835820895522388,0.8128544423440454,0.7969924812030075,0.8283018867924529,0.8106060606060606,0.8305084745762712,0.7803030303030303,0.8342749529190208,0.7954545454545454,0.832391713747646,0.023051463046618093,0.003909418356787566,0.01077044766694751,0.0076665100613428116,V000003
7,1.3395613193511964,0.055949068069458006,0.8159879336349924,0.8736778243062856,"RandomForestClassifier(bootstrap=True, class_weight=None, criterion='gini',
            max_depth=None, max_features=None, max_leaf_nodes=None,
            min_impurity_decrease=0.0, min_impurity_split=None,
            min_samples_leaf=5, min_samples_split=2,
            min_weight_fraction_leaf=0.0, n_estimators=500, n_jobs=1,
            oob_score=False, random_state=7, verbose=0, warm_start=False)",5,,5,500,7,,"{'clf': RandomForestClassifier(bootstrap=True, class_weight=None, criterion='gini',
            max_depth=None, max_features=None, max_leaf_nodes=None,
            min_impurity_decrease=0.0, min_impurity_split=None,
            min_samples_leaf=5, min_samples_split=2,
            min_weight_fraction_leaf=0.0, n_estimators=500, n_jobs=1,
            oob_score=False, random_state=7, verbose=0, warm_start=False), 'clf__max_depth': 5, 'clf__max_features': None, 'clf__min_samples_leaf': 5, 'clf__n_estimators': 500, 'clf__random_state': 7}",3,0.8208955223880597,0.8752362948960303,0.8270676691729323,0.8641509433962264,0.8257575757575758,0.871939736346516,0.803030303030303,0.8813559322033898,0.803030303030303,0.8757062146892656,0.036610640062464124,0.006510669801313724,0.010740246912332324,0.0056440933485332155,V000003
8,1.341165828704834,0.06376948356628417,0.8024132730015083,0.8533117960145079,"RandomForestClassifier(bootstrap=True, class_weight=None, criterion='gini',
            max_depth=None, max_features=None, max_leaf_nodes=None,
            min_impurity_decrease=0.0, min_impurity_split=None,
            min_samples_leaf=5, min_samples_split=2,
            min_weight_fraction_leaf=0.0, n_estimators=500, n_jobs=1,
            oob_score=False, random_state=7, verbose=0, warm_start=False)",5,,10,500,7,,"{'clf': RandomForestClassifier(bootstrap=True, class_weight=None, criterion='gini',
            max_depth=None, max_features=None, max_leaf_nodes=None,
            min_impurity_decrease=0.0, min_impurity_split=None,
            min_samples_leaf=5, min_samples_split=2,
            min_weight_fraction_leaf=0.0, n_estimators=500, n_jobs=1,
            oob_score=False, random_state=7, verbose=0, warm_start=False), 'clf__max_depth': 5, 'clf__max_features': None, 'clf__min_samples_leaf': 10, 'clf__n_estimators': 500, 'clf__random_state': 7}",9,0.8208955223880597,0.8468809073724007,0.7969924812030075,0.8490566037735849,0.7803030303030303,0.8549905838041432,0.8106060606060606,0.8549905838041432,0.803030303030303,0.8606403013182674,0.024768737177913804,0.008959759413015824,0.013627337037903371,0.004874559192519505,V000003
9,1.2635590076446532,0.05995936393737793,0.8174962292609351,0.8751851236128851,"RandomForestClassifier(bootstrap=True, class_weight=None, criterion='gini',
            max_depth=None, max_features=None, max_leaf_nodes=None,
            min_impurity_decrease=0.0, min_impurity_split=None,
            min_samples_leaf=5, min_samples_split=2,
            min_weight_fraction_leaf=0.0, n_estimators=500, n_jobs=1,
            oob_score=False, random_state=7, verbose=0, warm_start=False)",,3,5,500,7,,"{'clf': RandomForestClassifier(bootstrap=True, class_weight=None, criterion='gini',
            max_depth=None, max_features=None, max_leaf_nodes=None,
            min_impurity_decrease=0.0, min_impurity_split=None,
            min_samples_leaf=5, min_samples_split=2,
            min_weight_fraction_leaf=0.0, n_estimators=500, n_jobs=1,
            oob_score=False, random_state=7, verbose=0, warm_start=False), 'clf__max_depth': None, 'clf__max_features': 3, 'clf__min_samples_leaf': 5, 'clf__n_estimators': 500, 'clf__random_state': 7}",2,0.8134328358208955,0.8733459357277883,0.8195488721804511,0.869811320754717,0.8181818181818182,0.871939736346516,0.8181818181818182,0.8870056497175142,0.8181818181818182,0.8738229755178908,0.039323703004335464,0.008727225329271782,0.00211259372119006,0.006072449136333164,V000003
10,1.5158304214477538,0.08723177909851074,0.7933634992458521,0.8306830354051249,"RandomForestClassifier(bootstrap=True, class_weight=None, criterion='gini',
            max_depth=None, max_features=None, max_leaf_nodes=None,
            min_impurity_decrease=0.0, min_impurity_split=None,
            min_samples_leaf=5, min_samples_split=2,
            min_weight_fraction_leaf=0.0, n_estimators=500, n_jobs=1,
            oob_score=False, random_state=7, verbose=0, warm_start=False)",,3,10,500,7,,"{'clf': RandomForestClassifier(bootstrap=True, class_weight=None, criterion='gini',
            max_depth=None, max_features=None, max_leaf_nodes=None,
            min_impurity_decrease=0.0, min_impurity_split=None,
            min_samples_leaf=5, min_samples_split=2,
            min_weight_fraction_leaf=0.0, n_estimators=500, n_jobs=1,
            oob_score=False, random_state=7, verbose=0, warm_start=False), 'clf__max_depth': None, 'clf__max_features': 3, 'clf__min_samples_leaf': 10, 'clf__n_estimators': 500, 'clf__random_state': 7}",12,0.7835820895522388,0.8166351606805293,0.7969924812030075,0.8301886792452831,0.8181818181818182,0.8305084745762712,0.7727272727272727,0.8380414312617702,0.7954545454545454,0.8380414312617702,0.28987307567177717,0.03345387486694783,0.015174563028095044,0.00782188753357992,V000003
11,1.7602804183959961,0.061564064025878905,0.8295625942684767,0.8981855520889231,"RandomForestClassifier(bootstrap=True, class_weight=None, criterion='gini',
            max_depth=None, max_features=None, max_leaf_nodes=None,
            min_impurity_decrease=0.0, min_impurity_split=None,
            min_samples_leaf=5, min_samples_split=2,
            min_weight_fraction_leaf=0.0, n_estimators=500, n_jobs=1,
            oob_score=False, random_state=7, verbose=0, warm_start=False)",,,5,500,7,,"{'clf': RandomForestClassifier(bootstrap=True, class_weight=None, criterion='gini',
            max_depth=None, max_features=None, max_leaf_nodes=None,
            min_impurity_decrease=0.0, min_impurity_split=None,
            min_samples_leaf=5, min_samples_split=2,
            min_weight_fraction_leaf=0.0, n_estimators=500, n_jobs=1,
            oob_score=False, random_state=7, verbose=0, warm_start=False), 'clf__max_depth': None, 'clf__max_features': None, 'clf__min_samples_leaf': 5, 'clf__n_estimators': 500, 'clf__random_state': 7}",1,0.835820895522388,0.8998109640831758,0.8571428571428571,0.8830188679245283,0.8333333333333334,0.896421845574388,0.8106060606060606,0.903954802259887,0.8106060606060606,0.9077212806026366,0.3388065723855538,0.012157907898704934,0.01750512967243246,0.008485225974426285,V000003
12,1.2118217945098877,0.04892997741699219,0.8009049773755657,0.8597240584761312,"RandomForestClassifier(bootstrap=True, class_weight=None, criterion='gini',
            max_depth=None, max_features=None, max_leaf_nodes=None,
            min_impurity_decrease=0.0, min_impurity_split=None,
            min_samples_leaf=5, min_samples_split=2,
            min_weight_fraction_leaf=0.0, n_estimators=500, n_jobs=1,
            oob_score=False, random_state=7, verbose=0, warm_start=False)",,,10,500,7,,"{'clf': RandomForestClassifier(bootstrap=True, class_weight=None, criterion='gini',
            max_depth=None, max_features=None, max_leaf_nodes=None,
            min_impurity_decrease=0.0, min_impurity_split=None,
            min_samples_leaf=5, min_samples_split=2,
            min_weight_fraction_leaf=0.0, n_estimators=500, n_jobs=1,
            oob_score=False, random_state=7, verbose=0, warm_start=False), 'clf__max_depth': None, 'clf__max_features': None, 'clf__min_samples_leaf': 10, 'clf__n_estimators': 500, 'clf__random_state': 7}",10,0.8283582089552238,0.8544423440453687,0.7819548872180451,0.8584905660377359,0.7803030303030303,0.8549905838041432,0.8106060606060606,0.8606403013182674,0.803030303030303,0.8700564971751412,0.08562163125185833,0.009729459640673432,0.018124723144665813,0.0056466376510029654,V000003
13,0.2296114444732666,0.01985163688659668,0.803921568627451,0.8114611879231152,"LogisticRegression(C=1.0, class_weight=None, dual=False, fit_intercept=True,
          intercept_scaling=1, max_iter=100, multi_class='ovr', n_jobs=1,
          penalty='l2', random_state=None, solver='liblinear', tol=0.0001,
          verbose=0, warm_start=False)",,,,,7,,"{'clf': LogisticRegression(C=1.0, class_weight=None, dual=False, fit_intercept=True,
          intercept_scaling=1, max_iter=100, multi_class='ovr', n_jobs=1,
          penalty='l2', random_state=None, solver='liblinear', tol=0.0001,
          verbose=0, warm_start=False), 'clf__random_state': 7}",8,0.7985074626865671,0.8052930056710775,0.8045112781954887,0.8188679245283019,0.7878787878787878,0.8060263653483992,0.8257575757575758,0.8135593220338984,0.803030303030303,0.8135593220338984,0.27508744128607465,0.02317226107085441,0.012341973297347441,0.0051234334063257145,V000003
,mean_fit_time,mean_score_time,mean_test_score,mean_train_score,param_clf,param_clf__max_depth,param_clf__max_features,param_clf__min_samples_leaf,param_clf__n_estimators,param_clf__random_state,param_clf__strategy,params,rank_test_score,split0_test_score,split0_train_score,split1_test_score,split1_train_score,split2_test_score,split2_train_score,split3_test_score,split3_train_score,split4_test_score,split4_train_score,std_fit_time,std_score_time,std_test_score,std_train_score,Version
0,0.0038100719451904298,0.001604318618774414,0.6063348416289592,0.6063349419824369,"DummyClassifier(constant=None, random_state=None, strategy='stratified')",,,,,,most_frequent,"{'clf': DummyClassifier(constant=None, random_state=None, strategy='stratified'), 'clf__strategy': 'most_frequent'}",14,0.6044776119402985,0.6068052930056711,0.6090225563909775,0.6056603773584905,0.6060606060606061,0.6064030131826742,0.6060606060606061,0.6064030131826742,0.6060606060606061,0.6064030131826742,0.0007497685429798827,0.0004912450136665554,0.0014802646094511072,0.00037152889035513444,V000203
1,0.9779998302459717,0.0441169261932373,0.8024132730015083,0.810334092419037,"RandomForestClassifier(bootstrap=True, class_weight=None, criterion='gini',
            max_depth=3, max_features=None, max_leaf_nodes=None,
            min_impurity_decrease=0.0, min_impurity_split=None,
            min_samples_leaf=5, min_samples_split=2,
            min_weight_fraction_leaf=0.0, n_estimators=500, n_jobs=1,
            oob_score=False, random_state=7, verbose=0, warm_start=False)",3,3,5,500,7,,"{'clf': RandomForestClassifier(bootstrap=True, class_weight=None, criterion='gini',
            max_depth=3, max_features=None, max_leaf_nodes=None,
            min_impurity_decrease=0.0, min_impurity_split=None,
            min_samples_leaf=5, min_samples_split=2,
            min_weight_fraction_leaf=0.0, n_estimators=500, n_jobs=1,
            oob_score=False, random_state=7, verbose=0, warm_start=False), 'clf__max_depth': 3, 'clf__max_features': 3, 'clf__min_samples_leaf': 5, 'clf__n_estimators': 500, 'clf__random_state': 7}",10,0.8507462686567164,0.8090737240075614,0.7518796992481203,0.8188679245283019,0.8484848484848485,0.7928436911487758,0.7575757575757576,0.8192090395480226,0.803030303030303,0.8116760828625236,0.06021179923858984,0.0019022302700024982,0.042512960032066484,0.009600985162880096,V000203
2,0.8438435077667237,0.04371585845947266,0.799396681749623,0.8054326906058427,"RandomForestClassifier(bootstrap=True, class_weight=None, criterion='gini',
            max_depth=3, max_features=None, max_leaf_nodes=None,
            min_impurity_decrease=0.0, min_impurity_split=None,
            min_samples_leaf=5, min_samples_split=2,
            min_weight_fraction_leaf=0.0, n_estimators=500, n_jobs=1,
            oob_score=False, random_state=7, verbose=0, warm_start=False)",3,3,10,500,7,,"{'clf': RandomForestClassifier(bootstrap=True, class_weight=None, criterion='gini',
            max_depth=3, max_features=None, max_leaf_nodes=None,
            min_impurity_decrease=0.0, min_impurity_split=None,
            min_samples_leaf=5, min_samples_split=2,
            min_weight_fraction_leaf=0.0, n_estimators=500, n_jobs=1,
            oob_score=False, random_state=7, verbose=0, warm_start=False), 'clf__max_depth': 3, 'clf__max_features': 3, 'clf__min_samples_leaf': 10, 'clf__n_estimators': 500, 'clf__random_state': 7}",12,0.8507462686567164,0.8052930056710775,0.7518796992481203,0.8132075471698114,0.8484848484848485,0.7871939736346516,0.75,0.8135593220338984,0.7954545454545454,0.807909604519774,0.013356163539455687,0.0010225074543659721,0.044209727903925716,0.009646719070554399,V000203
3,0.9402997493743896,0.046724700927734376,0.8190045248868778,0.8325840651648981,"RandomForestClassifier(bootstrap=True, class_weight=None, criterion='gini',
            max_depth=3, max_features=None, max_leaf_nodes=None,
            min_impurity_decrease=0.0, min_impurity_split=None,
            min_samples_leaf=5, min_samples_split=2,
            min_weight_fraction_leaf=0.0, n_estimators=500, n_jobs=1,
            oob_score=False, random_state=7, verbose=0, warm_start=False)",3,,5,500,7,,"{'clf': RandomForestClassifier(bootstrap=True, class_weight=None, criterion='gini',
            max_depth=3, max_features=None, max_leaf_nodes=None,
            min_impurity_decrease=0.0, min_impurity_split=None,
            min_samples_leaf=5, min_samples_split=2,
            min_weight_fraction_leaf=0.0, n_estimators=500, n_jobs=1,
            oob_score=False, random_state=7, verbose=0, warm_start=False), 'clf__max_depth': 3, 'clf__max_features': None, 'clf__min_samples_leaf': 5, 'clf__n_estimators': 500, 'clf__random_state': 7}",1,0.835820895522388,0.833648393194707,0.7969924812030075,0.8433962264150944,0.8863636363636364,0.8135593220338984,0.7575757575757576,0.8380414312617702,0.8181818181818182,0.8342749529190208,0.010675390069699005,0.0025839500553916095,0.04253370357708899,0.010125397990875576,V000203
4,0.9581468582153321,0.047326087951660156,0.8054298642533937,0.8208958850246786,"RandomForestClassifier(bootstrap=True, class_weight=None, criterion='gini',
            max_depth=3, max_features=None, max_leaf_nodes=None,
            min_impurity_decrease=0.0, min_impurity_split=None,
            min_samples_leaf=5, min_samples_split=2,
            min_weight_fraction_leaf=0.0, n_estimators=500, n_jobs=1,
            oob_score=False, random_state=7, verbose=0, warm_start=False)",3,,10,500,7,,"{'clf': RandomForestClassifier(bootstrap=True, class_weight=None, criterion='gini',
            max_depth=3, max_features=None, max_leaf_nodes=None,
            min_impurity_decrease=0.0, min_impurity_split=None,
            min_samples_leaf=5, min_samples_split=2,
            min_weight_fraction_leaf=0.0, n_estimators=500, n_jobs=1,
            oob_score=False, random_state=7, verbose=0, warm_start=False), 'clf__max_depth': 3, 'clf__max_features': None, 'clf__min_samples_leaf': 10, 'clf__n_estimators': 500, 'clf__random_state': 7}",8,0.8208955223880597,0.8223062381852552,0.7819548872180451,0.8339622641509434,0.8409090909090909,0.800376647834275,0.7727272727272727,0.8286252354048964,0.8106060606060606,0.8192090395480226,0.007411217673215588,0.001473571537219199,0.025055221545266928,0.011457283791083895,V000203
5,0.8787363052368165,0.04732613563537598,0.8144796380090498,0.8333352261777834,"RandomForestClassifier(bootstrap=True, class_weight=None, criterion='gini',
            max_depth=3, max_features=None, max_leaf_nodes=None,
            min_impurity_decrease=0.0, min_impurity_split=None,
            min_samples_leaf=5, min_samples_split=2,
            min_weight_fraction_leaf=0.0, n_estimators=500, n_jobs=1,
            oob_score=False, random_state=7, verbose=0, warm_start=False)",5,3,5,500,7,,"{'clf': RandomForestClassifier(bootstrap=True, class_weight=None, criterion='gini',
            max_depth=3, max_features=None, max_leaf_nodes=None,
            min_impurity_decrease=0.0, min_impurity_split=None,
            min_samples_leaf=5, min_samples_split=2,
            min_weight_fraction_leaf=0.0, n_estimators=500, n_jobs=1,
            oob_score=False, random_state=7, verbose=0, warm_start=False), 'clf__max_depth': 5, 'clf__max_features': 3, 'clf__min_samples_leaf': 5, 'clf__n_estimators': 500, 'clf__random_state': 7}",2,0.8507462686567164,0.831758034026465,0.7744360902255639,0.8415094339622642,0.8636363636363636,0.8173258003766478,0.7727272727272727,0.839924670433145,0.8106060606060606,0.8361581920903954,0.002504419051060438,0.0014738894896627111,0.037664934478536534,0.008683280884624198,V000203
6,0.8711158275604248,0.04592218399047852,0.8069381598793364,0.8197616748973158,"RandomForestClassifier(bootstrap=True, class_weight=None, criterion='gini',
            max_depth=3, max_features=None, max_leaf_nodes=None,
            min_impurity_decrease=0.0, min_impurity_split=None,
            min_samples_leaf=5, min_samples_split=2,
            min_weight_fraction_leaf=0.0, n_estimators=500, n_jobs=1,
            oob_score=False, random_state=7, verbose=0, warm_start=False)",5,3,10,500,7,,"{'clf': RandomForestClassifier(bootstrap=True, class_weight=None, criterion='gini',
            max_depth=3, max_features=None, max_leaf_nodes=None,
            min_impurity_decrease=0.0, min_impurity_split=None,
            min_samples_leaf=5, min_samples_split=2,
            min_weight_fraction_leaf=0.0, n_estimators=500, n_jobs=1,
            oob_score=False, random_state=7, verbose=0, warm_start=False), 'clf__max_depth': 5, 'clf__max_features': 3, 'clf__min_samples_leaf': 10, 'clf__n_estimators': 500, 'clf__random_state': 7}",5,0.8507462686567164,0.8204158790170132,0.7518796992481203,0.8264150943396227,0.8560606060606061,0.7984934086629002,0.7651515151515151,0.832391713747646,0.8106060606060606,0.8210922787193974,0.004719947914931433,0.0007503419220055683,0.04274038602582026,0.011474524040810292,V000203
7,1.138025665283203,0.05574822425842285,0.8114630467571644,0.8506788171428299,"RandomForestClassifier(bootstrap=True, class_weight=None, criterion='gini',
            max_depth=3, max_features=None, max_leaf_nodes=None,
            min_impurity_decrease=0.0, min_impurity_split=None,
            min_samples_leaf=5, min_samples_split=2,
            min_weight_fraction_leaf=0.0, n_estimators=500, n_jobs=1,
            oob_score=False, random_state=7, verbose=0, warm_start=False)",5,,5,500,7,,"{'clf': RandomForestClassifier(bootstrap=True, class_weight=None, criterion='gini',
            max_depth=3, max_features=None, max_leaf_nodes=None,
            min_impurity_decrease=0.0, min_impurity_split=None,
            min_samples_leaf=5, min_samples_split=2,
            min_weight_fraction_leaf=0.0, n_estimators=500, n_jobs=1,
            oob_score=False, random_state=7, verbose=0, warm_start=False), 'clf__max_depth': 5, 'clf__max_features': None, 'clf__min_samples_leaf': 5, 'clf__n_estimators': 500, 'clf__random_state': 7}",3,0.835820895522388,0.8487712665406427,0.7669172932330827,0.8547169811320755,0.8712121212121212,0.8418079096045198,0.7651515151515151,0.8625235404896422,0.8181818181818182,0.8455743879472694,0.07449188194240301,0.007599390403461646,0.040801147217568015,0.007279988830104107,V000203
8,1.1428380966186524,0.04792742729187012,0.803921568627451,0.8310696485482225,"RandomForestClassifier(bootstrap=True, class_weight=None, criterion='gini',
            max_depth=3, max_features=None, max_leaf_nodes=None,
            min_impurity_decrease=0.0, min_impurity_split=None,
            min_samples_leaf=5, min_samples_split=2,
            min_weight_fraction_leaf=0.0, n_estimators=500, n_jobs=1,
            oob_score=False, random_state=7, verbose=0, warm_start=False)",5,,10,500,7,,"{'clf': RandomForestClassifier(bootstrap=True, class_weight=None, criterion='gini',
            max_depth=3, max_features=None, max_leaf_nodes=None,
            min_impurity_decrease=0.0, min_impurity_split=None,
            min_samples_leaf=5, min_samples_split=2,
            min_weight_fraction_leaf=0.0, n_estimators=500, n_jobs=1,
            oob_score=False, random_state=7, verbose=0, warm_start=False), 'clf__max_depth': 5, 'clf__max_features': None, 'clf__min_samples_leaf': 10, 'clf__n_estimators': 500, 'clf__random_state': 7}",9,0.8208955223880597,0.8279773156899811,0.7744360902255639,0.8339622641509434,0.8484848484848485,0.8229755178907722,0.7651515151515151,0.8455743879472694,0.8106060606060606,0.8248587570621468,0.008469695320661035,0.0017252737421426096,0.03059695720591622,0.008153616825890343,V000203
9,0.9092174053192139,0.048328304290771486,0.808446455505279,0.8480316009642088,"RandomForestClassifier(bootstrap=True, class_weight=None, criterion='gini',
            max_depth=3, max_features=None, max_leaf_nodes=None,
            min_impurity_decrease=0.0, min_impurity_split=None,
            min_samples_leaf=5, min_samples_split=2,
            min_weight_fraction_leaf=0.0, n_estimators=500, n_jobs=1,
            oob_score=False, random_state=7, verbose=0, warm_start=False)",,3,5,500,7,,"{'clf': RandomForestClassifier(bootstrap=True, class_weight=None, criterion='gini',
            max_depth=3, max_features=None, max_leaf_nodes=None,
            min_impurity_decrease=0.0, min_impurity_split=None,
            min_samples_leaf=5, min_samples_split=2,
            min_weight_fraction_leaf=0.0, n_estimators=500, n_jobs=1,
            oob_score=False, random_state=7, verbose=0, warm_start=False), 'clf__max_depth': None, 'clf__max_features': 3, 'clf__min_samples_leaf': 5, 'clf__n_estimators': 500, 'clf__random_state': 7}",4,0.835820895522388,0.833648393194707,0.7744360902255639,0.8566037735849057,0.8787878787878788,0.8380414312617702,0.7575757575757576,0.8625235404896422,0.7954545454545454,0.8493408662900188,0.00240662099997623,0.0007503291493192641,0.04378843987835511,0.010880191053151524,V000203
10,0.9421046257019043,0.04973225593566895,0.8069381598793364,0.8239140530400808,"RandomForestClassifier(bootstrap=True, class_weight=None, criterion='gini',
            max_depth=3, max_features=None, max_leaf_nodes=None,
            min_impurity_decrease=0.0, min_impurity_split=None,
            min_samples_leaf=5, min_samples_split=2,
            min_weight_fraction_leaf=0.0, n_estimators=500, n_jobs=1,
            oob_score=False, random_state=7, verbose=0, warm_start=False)",,3,10,500,7,,"{'clf': RandomForestClassifier(bootstrap=True, class_weight=None, criterion='gini',
            max_depth=3, max_features=None, max_leaf_nodes=None,
            min_impurity_decrease=0.0, min_impurity_split=None,
            min_samples_leaf=5, min_samples_split=2,
            min_weight_fraction_leaf=0.0, n_estimators=500, n_jobs=1,
            oob_score=False, random_state=7, verbose=0, warm_start=False), 'clf__max_depth': None, 'clf__max_features': 3, 'clf__min_samples_leaf': 10, 'clf__n_estimators': 500, 'clf__random_state': 7}",5,0.8507462686567164,0.8298676748582231,0.7518796992481203,0.8320754716981132,0.8560606060606061,0.8022598870056498,0.7651515151515151,0.8342749529190208,0.8106060606060606,0.8210922787193974,0.07585238593100965,0.005969015757285164,0.04274038602582026,0.011715527564135842,V000203
11,1.1885601043701173,0.060360050201416014,0.8069381598793364,0.8782032835679138,"RandomForestClassifier(bootstrap=True, class_weight=None, criterion='gini',
            max_depth=3, max_features=None, max_leaf_nodes=None,
            min_impurity_decrease=0.0, min_impurity_split=None,
            min_samples_leaf=5, min_samples_split=2,
            min_weight_fraction_leaf=0.0, n_estimators=500, n_jobs=1,
            oob_score=False, random_state=7, verbose=0, warm_start=False)",,,5,500,7,,"{'clf': RandomForestClassifier(bootstrap=True, class_weight=None, criterion='gini',
            max_depth=3, max_features=None, max_leaf_nodes=None,
            min_impurity_decrease=0.0, min_impurity_split=None,
            min_samples_leaf=5, min_samples_split=2,
            min_weight_fraction_leaf=0.0, n_estimators=500, n_jobs=1,
            oob_score=False, random_state=7, verbose=0, warm_start=False), 'clf__max_depth': None, 'clf__max_features': None, 'clf__min_samples_leaf': 5, 'clf__n_estimators': 500, 'clf__random_state': 7}",5,0.8507462686567164,0.8752362948960303,0.7593984962406015,0.879245283018868,0.8560606060606061,0.8662900188323918,0.75,0.8926553672316384,0.8181818181818182,0.8775894538606404,0.040270247968560366,0.016345403244560967,0.0446351399320269,0.00849769581035158,V000203
12,1.1665010452270508,0.06838202476501465,0.8024132730015083,0.8363427182280718,"RandomForestClassifier(bootstrap=True, class_weight=None, criterion='gini',
            max_depth=3, max_features=None, max_leaf_nodes=None,
            min_impurity_decrease=0.0, min_impurity_split=None,
            min_samples_leaf=5, min_samples_split=2,
            min_weight_fraction_leaf=0.0, n_estimators=500, n_jobs=1,
            oob_score=False, random_state=7, verbose=0, warm_start=False)",,,10,500,7,,"{'clf': RandomForestClassifier(bootstrap=True, class_weight=None, criterion='gini',
            max_depth=3, max_features=None, max_leaf_nodes=None,
            min_impurity_decrease=0.0, min_impurity_split=None,
            min_samples_leaf=5, min_samples_split=2,
            min_weight_fraction_leaf=0.0, n_estimators=500, n_jobs=1,
            oob_score=False, random_state=7, verbose=0, warm_start=False), 'clf__max_depth': None, 'clf__max_features': None, 'clf__min_samples_leaf': 10, 'clf__n_estimators': 500, 'clf__random_state': 7}",10,0.8208955223880597,0.8279773156899811,0.7744360902255639,0.8339622641509434,0.8484848484848485,0.832391713747646,0.7575757575757576,0.8549905838041432,0.8106060606060606,0.832391713747646,0.08687203210385137,0.025392462687707354,0.03259261758022488,0.009535305811451759,V000203
13,0.226600980758667,0.00902414321899414,0.799396681749623,0.8054241439228107,"LogisticRegression(C=1.0, class_weight=None, dual=False, fit_intercept=True,
          intercept_scaling=1, max_iter=100, multi_class='ovr', n_jobs=1,
          penalty='l2', random_state=None, solver='liblinear', tol=0.0001,
          verbose=0, warm_start=False)",,,,,7,,"{'clf': LogisticRegression(C=1.0, class_weight=None, dual=False, fit_intercept=True,
          intercept_scaling=1, max_iter=100, multi_class='ovr', n_jobs=1,
          penalty='l2', random_state=None, solver='liblinear', tol=0.0001,
          verbose=0, warm_start=False), 'clf__random_state': 7}",12,0.8582089552238806,0.7920604914933838,0.7368421052631579,0.8169811320754717,0.8787878787878788,0.7890772128060264,0.7348484848484849,0.815442561205273,0.7878787878787878,0.8135593220338984,0.2709825954350987,0.009012573988425011,0.05995732203032014,0.012214115981902475,V000203
,mean_fit_time,mean_score_time,mean_test_score,mean_train_score,param_clf,param_clf__max_depth,param_clf__max_features,param_clf__min_samples_leaf,param_clf__n_estimators,param_clf__random_state,param_clf__strategy,params,rank_test_score,split0_test_score,split0_train_score,split1_test_score,split1_train_score,split2_test_score,split2_train_score,split3_test_score,split3_train_score,split4_test_score,split4_train_score,std_fit_time,std_score_time,std_test_score,std_train_score,Version
0,0.003404045104980469,0.002205228805541992,0.6146892655367232,0.6146893573950843,"DummyClassifier(constant=None, random_state=None, strategy='stratified')",,,,,,most_frequent,"{'clf': DummyClassifier(constant=None, random_state=None, strategy='stratified'), 'clf__strategy': 'most_frequent'}",14,0.6123595505617978,0.6152758132956153,0.615819209039548,0.614406779661017,0.615819209039548,0.614406779661017,0.615819209039548,0.614406779661017,0.6136363636363636,0.614950634696756,0.00048352112189343956,0.00040109195472818644,0.0014415888590204754,0.00036103929952523877,V000203
1,1.119780969619751,0.0645719051361084,0.8011299435028248,0.8081931312690586,"RandomForestClassifier(bootstrap=True, class_weight=None, criterion='gini',
            max_depth=None, max_features=None, max_leaf_nodes=None,
            min_impurity_decrease=0.0, min_impurity_split=None,
            min_samples_leaf=5, min_samples_split=2,
            min_weight_fraction_leaf=0.0, n_estimators=500, n_jobs=1,
            oob_score=False, random_state=7, verbose=0, warm_start=False)",3,3,5,500,7,,"{'clf': RandomForestClassifier(bootstrap=True, class_weight=None, criterion='gini',
            max_depth=None, max_features=None, max_leaf_nodes=None,
            min_impurity_decrease=0.0, min_impurity_split=None,
            min_samples_leaf=5, min_samples_split=2,
            min_weight_fraction_leaf=0.0, n_estimators=500, n_jobs=1,
            oob_score=False, random_state=7, verbose=0, warm_start=False), 'clf__max_depth': 3, 'clf__max_features': 3, 'clf__min_samples_leaf': 5, 'clf__n_estimators': 500, 'clf__random_state': 7}",11,0.8033707865168539,0.8062234794908062,0.8248587570621468,0.806497175141243,0.7796610169491526,0.809322033898305,0.7909604519774012,0.8163841807909604,0.8068181818181818,0.8025387870239774,0.02880375590414065,0.01834217335323365,0.015261801712275444,0.00462806909139219,V000203
2,1.195578384399414,0.07219181060791016,0.7988700564971751,0.8079138418389048,"RandomForestClassifier(bootstrap=True, class_weight=None, criterion='gini',
            max_depth=None, max_features=None, max_leaf_nodes=None,
            min_impurity_decrease=0.0, min_impurity_split=None,
            min_samples_leaf=5, min_samples_split=2,
            min_weight_fraction_leaf=0.0, n_estimators=500, n_jobs=1,
            oob_score=False, random_state=7, verbose=0, warm_start=False)",3,3,10,500,7,,"{'clf': RandomForestClassifier(bootstrap=True, class_weight=None, criterion='gini',
            max_depth=None, max_features=None, max_leaf_nodes=None,
            min_impurity_decrease=0.0, min_impurity_split=None,
            min_samples_leaf=5, min_samples_split=2,
            min_weight_fraction_leaf=0.0, n_estimators=500, n_jobs=1,
            oob_score=False, random_state=7, verbose=0, warm_start=False), 'clf__max_depth': 3, 'clf__max_features': 3, 'clf__min_samples_leaf': 10, 'clf__n_estimators': 500, 'clf__random_state': 7}",12,0.7921348314606742,0.8175388967468176,0.8248587570621468,0.8022598870056498,0.7909604519774012,0.809322033898305,0.7909604519774012,0.807909604519774,0.7954545454545454,0.8025387870239774,0.05404593497306523,0.020945997640326012,0.013097752463184054,0.005576434780956899,V000203
3,1.2822090625762939,0.06757936477661133,0.8146892655367232,0.8319215644333262,"RandomForestClassifier(bootstrap=True, class_weight=None, criterion='gini',
            max_depth=None, max_features=None, max_leaf_nodes=None,
            min_impurity_decrease=0.0, min_impurity_split=None,
            min_samples_leaf=5, min_samples_split=2,
            min_weight_fraction_leaf=0.0, n_estimators=500, n_jobs=1,
            oob_score=False, random_state=7, verbose=0, warm_start=False)",3,,5,500,7,,"{'clf': RandomForestClassifier(bootstrap=True, class_weight=None, criterion='gini',
            max_depth=None, max_features=None, max_leaf_nodes=None,
            min_impurity_decrease=0.0, min_impurity_split=None,
            min_samples_leaf=5, min_samples_split=2,
            min_weight_fraction_leaf=0.0, n_estimators=500, n_jobs=1,
            oob_score=False, random_state=7, verbose=0, warm_start=False), 'clf__max_depth': 3, 'clf__max_features': None, 'clf__min_samples_leaf': 5, 'clf__n_estimators': 500, 'clf__random_state': 7}",5,0.797752808988764,0.8288543140028288,0.8248587570621468,0.8305084745762712,0.8192090395480226,0.8319209039548022,0.7966101694915254,0.8418079096045198,0.8352272727272727,0.8265162200282088,0.06438747057385072,0.00913685697306498,0.015222295541640665,0.005260464191792332,V000203
4,1.0963148117065429,0.05233912467956543,0.8067796610169492,0.8254255811965866,"RandomForestClassifier(bootstrap=True, class_weight=None, criterion='gini',
            max_depth=None, max_features=None, max_leaf_nodes=None,
            min_impurity_decrease=0.0, min_impurity_split=None,
            min_samples_leaf=5, min_samples_split=2,
            min_weight_fraction_leaf=0.0, n_estimators=500, n_jobs=1,
            oob_score=False, random_state=7, verbose=0, warm_start=False)",3,,10,500,7,,"{'clf': RandomForestClassifier(bootstrap=True, class_weight=None, criterion='gini',
            max_depth=None, max_features=None, max_leaf_nodes=None,
            min_impurity_decrease=0.0, min_impurity_split=None,
            min_samples_leaf=5, min_samples_split=2,
            min_weight_fraction_leaf=0.0, n_estimators=500, n_jobs=1,
            oob_score=False, random_state=7, verbose=0, warm_start=False), 'clf__max_depth': 3, 'clf__max_features': None, 'clf__min_samples_leaf': 10, 'clf__n_estimators': 500, 'clf__random_state': 7}",10,0.7921348314606742,0.8246110325318247,0.8248587570621468,0.826271186440678,0.8135593220338984,0.8234463276836158,0.7966101694915254,0.8347457627118644,0.8068181818181818,0.8180535966149506,0.06401592234447513,0.005049251261300412,0.011763675311337997,0.005413093798823603,V000203
5,0.9814115524291992,0.05013175010681152,0.8192090395480226,0.8452008080695508,"RandomForestClassifier(bootstrap=True, class_weight=None, criterion='gini',
            max_depth=None, max_features=None, max_leaf_nodes=None,
            min_impurity_decrease=0.0, min_impurity_split=None,
            min_samples_leaf=5, min_samples_split=2,
            min_weight_fraction_leaf=0.0, n_estimators=500, n_jobs=1,
            oob_score=False, random_state=7, verbose=0, warm_start=False)",5,3,5,500,7,,"{'clf': RandomForestClassifier(bootstrap=True, class_weight=None, criterion='gini',
            max_depth=None, max_features=None, max_leaf_nodes=None,
            min_impurity_decrease=0.0, min_impurity_split=None,
            min_samples_leaf=5, min_samples_split=2,
            min_weight_fraction_leaf=0.0, n_estimators=500, n_jobs=1,
            oob_score=False, random_state=7, verbose=0, warm_start=False), 'clf__max_depth': 5, 'clf__max_features': 3, 'clf__min_samples_leaf': 5, 'clf__n_estimators': 500, 'clf__random_state': 7}",3,0.8146067415730337,0.8500707213578501,0.8361581920903954,0.844632768361582,0.8192090395480226,0.8389830508474576,0.7909604519774012,0.8531073446327684,0.8352272727272727,0.8392101551480959,0.019547615426962258,0.002766400982426244,0.016502675261995926,0.005676274698587229,V000203
6,1.0295374870300293,0.05895628929138184,0.8112994350282486,0.8350321055116471,"RandomForestClassifier(bootstrap=True, class_weight=None, criterion='gini',
            max_depth=None, max_features=None, max_leaf_nodes=None,
            min_impurity_decrease=0.0, min_impurity_split=None,
            min_samples_leaf=5, min_samples_split=2,
            min_weight_fraction_leaf=0.0, n_estimators=500, n_jobs=1,
            oob_score=False, random_state=7, verbose=0, warm_start=False)",5,3,10,500,7,,"{'clf': RandomForestClassifier(bootstrap=True, class_weight=None, criterion='gini',
            max_depth=None, max_features=None, max_leaf_nodes=None,
            min_impurity_decrease=0.0, min_impurity_split=None,
            min_samples_leaf=5, min_samples_split=2,
            min_weight_fraction_leaf=0.0, n_estimators=500, n_jobs=1,
            oob_score=False, random_state=7, verbose=0, warm_start=False), 'clf__max_depth': 5, 'clf__max_features': 3, 'clf__min_samples_leaf': 10, 'clf__n_estimators': 500, 'clf__random_state': 7}",9,0.8146067415730337,0.8401697312588402,0.8248587570621468,0.8319209039548022,0.8135593220338984,0.8305084745762712,0.7909604519774012,0.846045197740113,0.8125,0.8265162200282088,0.07502838518486836,0.009646289739762082,0.011091166057629958,0.007075966595239926,V000203
7,1.4250929355621338,0.06216540336608887,0.8203389830508474,0.864127780458201,"RandomForestClassifier(bootstrap=True, class_weight=None, criterion='gini',
            max_depth=None, max_features=None, max_leaf_nodes=None,
            min_impurity_decrease=0.0, min_impurity_split=None,
            min_samples_leaf=5, min_samples_split=2,
            min_weight_fraction_leaf=0.0, n_estimators=500, n_jobs=1,
            oob_score=False, random_state=7, verbose=0, warm_start=False)",5,,5,500,7,,"{'clf': RandomForestClassifier(bootstrap=True, class_weight=None, criterion='gini',
            max_depth=None, max_features=None, max_leaf_nodes=None,
            min_impurity_decrease=0.0, min_impurity_split=None,
            min_samples_leaf=5, min_samples_split=2,
            min_weight_fraction_leaf=0.0, n_estimators=500, n_jobs=1,
            oob_score=False, random_state=7, verbose=0, warm_start=False), 'clf__max_depth': 5, 'clf__max_features': None, 'clf__min_samples_leaf': 5, 'clf__n_estimators': 500, 'clf__random_state': 7}",2,0.7865168539325843,0.8755304101838756,0.8305084745762712,0.8700564971751412,0.8418079096045198,0.8488700564971752,0.7966101694915254,0.8629943502824858,0.8465909090909091,0.8631875881523272,0.028291546757531746,0.007340360554160147,0.024343620663035213,0.008945796918963354,V000203
8,1.4099486351013184,0.06136364936828613,0.8135593220338984,0.8505692440105334,"RandomForestClassifier(bootstrap=True, class_weight=None, criterion='gini',
            max_depth=None, max_features=None, max_leaf_nodes=None,
            min_impurity_decrease=0.0, min_impurity_split=None,
            min_samples_leaf=5, min_samples_split=2,
            min_weight_fraction_leaf=0.0, n_estimators=500, n_jobs=1,
            oob_score=False, random_state=7, verbose=0, warm_start=False)",5,,10,500,7,,"{'clf': RandomForestClassifier(bootstrap=True, class_weight=None, criterion='gini',
            max_depth=None, max_features=None, max_leaf_nodes=None,
            min_impurity_decrease=0.0, min_impurity_split=None,
            min_samples_leaf=5, min_samples_split=2,
            min_weight_fraction_leaf=0.0, n_estimators=500, n_jobs=1,
            oob_score=False, random_state=7, verbose=0, warm_start=False), 'clf__max_depth': 5, 'clf__max_features': None, 'clf__min_samples_leaf': 10, 'clf__n_estimators': 500, 'clf__random_state': 7}",8,0.7865168539325843,0.8613861386138614,0.8361581920903954,0.8573446327683616,0.8361581920903954,0.8403954802259888,0.7853107344632768,0.847457627118644,0.8238636363636364,0.846262341325811,0.04070076266718203,0.01013411910524055,0.023066886482938257,0.007676563575461129,V000203
9,1.3000568389892577,0.0739962100982666,0.8192090395480226,0.8675156165694945,"RandomForestClassifier(bootstrap=True, class_weight=None, criterion='gini',
            max_depth=None, max_features=None, max_leaf_nodes=None,
            min_impurity_decrease=0.0, min_impurity_split=None,
            min_samples_leaf=5, min_samples_split=2,
            min_weight_fraction_leaf=0.0, n_estimators=500, n_jobs=1,
            oob_score=False, random_state=7, verbose=0, warm_start=False)",,3,5,500,7,,"{'clf': RandomForestClassifier(bootstrap=True, class_weight=None, criterion='gini',
            max_depth=None, max_features=None, max_leaf_nodes=None,
            min_impurity_decrease=0.0, min_impurity_split=None,
            min_samples_leaf=5, min_samples_split=2,
            min_weight_fraction_leaf=0.0, n_estimators=500, n_jobs=1,
            oob_score=False, random_state=7, verbose=0, warm_start=False), 'clf__max_depth': None, 'clf__max_features': 3, 'clf__min_samples_leaf': 5, 'clf__n_estimators': 500, 'clf__random_state': 7}",3,0.8089887640449438,0.8727015558698727,0.8248587570621468,0.8700564971751412,0.8305084745762712,0.8531073446327684,0.7909604519774012,0.8742937853107344,0.8409090909090909,0.8674188998589563,0.02879269438021485,0.01122705691720892,0.01749774401350327,0.007574975465159317,V000203
10,1.221246862411499,0.06818265914916992,0.8146892655367232,0.8420910649755216,"RandomForestClassifier(bootstrap=True, class_weight=None, criterion='gini',
            max_depth=None, max_features=None, max_leaf_nodes=None,
            min_impurity_decrease=0.0, min_impurity_split=None,
            min_samples_leaf=5, min_samples_split=2,
            min_weight_fraction_leaf=0.0, n_estimators=500, n_jobs=1,
            oob_score=False, random_state=7, verbose=0, warm_start=False)",,3,10,500,7,,"{'clf': RandomForestClassifier(bootstrap=True, class_weight=None, criterion='gini',
            max_depth=None, max_features=None, max_leaf_nodes=None,
            min_impurity_decrease=0.0, min_impurity_split=None,
            min_samples_leaf=5, min_samples_split=2,
            min_weight_fraction_leaf=0.0, n_estimators=500, n_jobs=1,
            oob_score=False, random_state=7, verbose=0, warm_start=False), 'clf__max_depth': None, 'clf__max_features': 3, 'clf__min_samples_leaf': 10, 'clf__n_estimators': 500, 'clf__random_state': 7}",5,0.8146067415730337,0.8401697312588402,0.8305084745762712,0.8432203389830508,0.8248587570621468,0.8347457627118644,0.7853107344632768,0.8545197740112994,0.8181818181818182,0.8377997179125529,0.020538754049757454,0.01753862050650769,0.015677371453087226,0.006808945825754534,V000203
11,1.6104815483093262,0.06417131423950195,0.8327683615819209,0.8898304194339562,"RandomForestClassifier(bootstrap=True, class_weight=None, criterion='gini',
            max_depth=None, max_features=None, max_leaf_nodes=None,
            min_impurity_decrease=0.0, min_impurity_split=None,
            min_samples_leaf=5, min_samples_split=2,
            min_weight_fraction_leaf=0.0, n_estimators=500, n_jobs=1,
            oob_score=False, random_state=7, verbose=0, warm_start=False)",,,5,500,7,,"{'clf': RandomForestClassifier(bootstrap=True, class_weight=None, criterion='gini',
            max_depth=None, max_features=None, max_leaf_nodes=None,
            min_impurity_decrease=0.0, min_impurity_split=None,
            min_samples_leaf=5, min_samples_split=2,
            min_weight_fraction_leaf=0.0, n_estimators=500, n_jobs=1,
            oob_score=False, random_state=7, verbose=0, warm_start=False), 'clf__max_depth': None, 'clf__max_features': None, 'clf__min_samples_leaf': 5, 'clf__n_estimators': 500, 'clf__random_state': 7}",1,0.7921348314606742,0.8882602545968883,0.8305084745762712,0.8968926553672316,0.8757062146892656,0.882768361581921,0.8135593220338984,0.8926553672316384,0.8522727272727273,0.8885754583921015,0.019405135902583644,0.012115204992715458,0.02917682799753146,0.00472797022779345,V000203
12,1.4544669151306153,0.05895709991455078,0.8146892655367232,0.8596084037484027,"RandomForestClassifier(bootstrap=True, class_weight=None, criterion='gini',
            max_depth=None, max_features=None, max_leaf_nodes=None,
            min_impurity_decrease=0.0, min_impurity_split=None,
            min_samples_leaf=5, min_samples_split=2,
            min_weight_fraction_leaf=0.0, n_estimators=500, n_jobs=1,
            oob_score=False, random_state=7, verbose=0, warm_start=False)",,,10,500,7,,"{'clf': RandomForestClassifier(bootstrap=True, class_weight=None, criterion='gini',
            max_depth=None, max_features=None, max_leaf_nodes=None,
            min_impurity_decrease=0.0, min_impurity_split=None,
            min_samples_leaf=5, min_samples_split=2,
            min_weight_fraction_leaf=0.0, n_estimators=500, n_jobs=1,
            oob_score=False, random_state=7, verbose=0, warm_start=False), 'clf__max_depth': None, 'clf__max_features': None, 'clf__min_samples_leaf': 10, 'clf__n_estimators': 500, 'clf__random_state': 7}",5,0.7865168539325843,0.8741159830268741,0.8361581920903954,0.865819209039548,0.8361581920903954,0.846045197740113,0.7909604519774012,0.8516949152542372,0.8238636363636364,0.8603667136812412,0.05470759722935337,0.015718439670157652,0.02175660187888398,0.009961956135322898,V000203
13,0.22800602912902831,0.038703393936157224,0.7898305084745763,0.8014138652994175,"LogisticRegression(C=1.0, class_weight=None, dual=False, fit_intercept=True,
          intercept_scaling=1, max_iter=100, multi_class='ovr', n_jobs=1,
          penalty='l2', random_state=None, solver='liblinear', tol=0.0001,
          verbose=0, warm_start=False)",,,,,7,,"{'clf': LogisticRegression(C=1.0, class_weight=None, dual=False, fit_intercept=True,
          intercept_scaling=1, max_iter=100, multi_class='ovr', n_jobs=1,
          penalty='l2', random_state=None, solver='liblinear', tol=0.0001,
          verbose=0, warm_start=False), 'clf__random_state': 7}",13,0.7808988764044944,0.801980198019802,0.7796610169491526,0.7994350282485876,0.7740112994350282,0.806497175141243,0.7853107344632768,0.8022598870056498,0.8295454545454546,0.7968970380818053,0.27278181016466657,0.05909261343399424,0.020113104256573283,0.003199814013754337,V000203
,mean_fit_time,mean_score_time,mean_test_score,mean_train_score,param_clf,param_clf__max_depth,param_clf__max_features,param_clf__min_samples_leaf,param_clf__n_estimators,param_clf__random_state,param_clf__strategy,params,rank_test_score,split0_test_score,split0_train_score,split1_test_score,split1_train_score,split2_test_score,split2_train_score,split3_test_score,split3_train_score,split4_test_score,split4_train_score,std_fit_time,std_score_time,std_test_score,std_train_score,Version
0,0.0030080795288085936,0.0020052909851074217,0.6146892655367232,0.6146893573950843,"DummyClassifier(constant=None, random_state=None, strategy='stratified')",,,,,,most_frequent,"{'clf': DummyClassifier(constant=None, random_state=None, strategy='stratified'), 'clf__strategy': 'most_frequent'}",14,0.6123595505617978,0.6152758132956153,0.615819209039548,0.614406779661017,0.615819209039548,0.614406779661017,0.615819209039548,0.614406779661017,0.6136363636363636,0.614950634696756,0.0006332404534496814,1.2379412637469453e-06,0.0014415888590204754,0.00036103929952523877,V000203
1,1.069444513320923,0.06717743873596191,0.8011299435028248,0.8081931312690586,"RandomForestClassifier(bootstrap=True, class_weight=None, criterion='gini',
            max_depth=None, max_features=None, max_leaf_nodes=None,
            min_impurity_decrease=0.0, min_impurity_split=None,
            min_samples_leaf=5, min_samples_split=2,
            min_weight_fraction_leaf=0.0, n_estimators=500, n_jobs=1,
            oob_score=False, random_state=7, verbose=0, warm_start=False)",3,3,5,500,7,,"{'clf': RandomForestClassifier(bootstrap=True, class_weight=None, criterion='gini',
            max_depth=None, max_features=None, max_leaf_nodes=None,
            min_impurity_decrease=0.0, min_impurity_split=None,
            min_samples_leaf=5, min_samples_split=2,
            min_weight_fraction_leaf=0.0, n_estimators=500, n_jobs=1,
            oob_score=False, random_state=7, verbose=0, warm_start=False), 'clf__max_depth': 3, 'clf__max_features': 3, 'clf__min_samples_leaf': 5, 'clf__n_estimators': 500, 'clf__random_state': 7}",11,0.8033707865168539,0.8062234794908062,0.8248587570621468,0.806497175141243,0.7796610169491526,0.809322033898305,0.7909604519774012,0.8163841807909604,0.8068181818181818,0.8025387870239774,0.03137934334900922,0.015597016126865397,0.015261801712275444,0.00462806909139219,V000203
2,1.076061201095581,0.055347013473510745,0.7988700564971751,0.8079138418389048,"RandomForestClassifier(bootstrap=True, class_weight=None, criterion='gini',
            max_depth=None, max_features=None, max_leaf_nodes=None,
            min_impurity_decrease=0.0, min_impurity_split=None,
            min_samples_leaf=5, min_samples_split=2,
            min_weight_fraction_leaf=0.0, n_estimators=500, n_jobs=1,
            oob_score=False, random_state=7, verbose=0, warm_start=False)",3,3,10,500,7,,"{'clf': RandomForestClassifier(bootstrap=True, class_weight=None, criterion='gini',
            max_depth=None, max_features=None, max_leaf_nodes=None,
            min_impurity_decrease=0.0, min_impurity_split=None,
            min_samples_leaf=5, min_samples_split=2,
            min_weight_fraction_leaf=0.0, n_estimators=500, n_jobs=1,
            oob_score=False, random_state=7, verbose=0, warm_start=False), 'clf__max_depth': 3, 'clf__max_features': 3, 'clf__min_samples_leaf': 10, 'clf__n_estimators': 500, 'clf__random_state': 7}",12,0.7921348314606742,0.8175388967468176,0.8248587570621468,0.8022598870056498,0.7909604519774012,0.809322033898305,0.7909604519774012,0.807909604519774,0.7954545454545454,0.8025387870239774,0.024945034729560774,0.005282508859692401,0.013097752463184054,0.005576434780956899,V000203
3,1.2396955966949463,0.060360145568847653,0.8146892655367232,0.8319215644333262,"RandomForestClassifier(bootstrap=True, class_weight=None, criterion='gini',
            max_depth=None, max_features=None, max_leaf_nodes=None,
            min_impurity_decrease=0.0, min_impurity_split=None,
            min_samples_leaf=5, min_samples_split=2,
            min_weight_fraction_leaf=0.0, n_estimators=500, n_jobs=1,
            oob_score=False, random_state=7, verbose=0, warm_start=False)",3,,5,500,7,,"{'clf': RandomForestClassifier(bootstrap=True, class_weight=None, criterion='gini',
            max_depth=None, max_features=None, max_leaf_nodes=None,
            min_impurity_decrease=0.0, min_impurity_split=None,
            min_samples_leaf=5, min_samples_split=2,
            min_weight_fraction_leaf=0.0, n_estimators=500, n_jobs=1,
            oob_score=False, random_state=7, verbose=0, warm_start=False), 'clf__max_depth': 3, 'clf__max_features': None, 'clf__min_samples_leaf': 5, 'clf__n_estimators': 500, 'clf__random_state': 7}",5,0.797752808988764,0.8288543140028288,0.8248587570621468,0.8305084745762712,0.8192090395480226,0.8319209039548022,0.7966101694915254,0.8418079096045198,0.8352272727272727,0.8265162200282088,0.02558426763247518,0.011118572515302768,0.015222295541640665,0.005260464191792332,V000203
4,1.2767957210540772,0.062364625930786136,0.8067796610169492,0.8254255811965866,"RandomForestClassifier(bootstrap=True, class_weight=None, criterion='gini',
            max_depth=None, max_features=None, max_leaf_nodes=None,
            min_impurity_decrease=0.0, min_impurity_split=None,
            min_samples_leaf=5, min_samples_split=2,
            min_weight_fraction_leaf=0.0, n_estimators=500, n_jobs=1,
            oob_score=False, random_state=7, verbose=0, warm_start=False)",3,,10,500,7,,"{'clf': RandomForestClassifier(bootstrap=True, class_weight=None, criterion='gini',
            max_depth=None, max_features=None, max_leaf_nodes=None,
            min_impurity_decrease=0.0, min_impurity_split=None,
            min_samples_leaf=5, min_samples_split=2,
            min_weight_fraction_leaf=0.0, n_estimators=500, n_jobs=1,
            oob_score=False, random_state=7, verbose=0, warm_start=False), 'clf__max_depth': 3, 'clf__max_features': None, 'clf__min_samples_leaf': 10, 'clf__n_estimators': 500, 'clf__random_state': 7}",10,0.7921348314606742,0.8246110325318247,0.8248587570621468,0.826271186440678,0.8135593220338984,0.8234463276836158,0.7966101694915254,0.8347457627118644,0.8068181818181818,0.8180535966149506,0.0414642665962526,0.012495629065370082,0.011763675311337997,0.005413093798823603,V000203
5,1.2920359134674073,0.07038750648498535,0.8192090395480226,0.8452008080695508,"RandomForestClassifier(bootstrap=True, class_weight=None, criterion='gini',
            max_depth=None, max_features=None, max_leaf_nodes=None,
            min_impurity_decrease=0.0, min_impurity_split=None,
            min_samples_leaf=5, min_samples_split=2,
            min_weight_fraction_leaf=0.0, n_estimators=500, n_jobs=1,
            oob_score=False, random_state=7, verbose=0, warm_start=False)",5,3,5,500,7,,"{'clf': RandomForestClassifier(bootstrap=True, class_weight=None, criterion='gini',
            max_depth=None, max_features=None, max_leaf_nodes=None,
            min_impurity_decrease=0.0, min_impurity_split=None,
            min_samples_leaf=5, min_samples_split=2,
            min_weight_fraction_leaf=0.0, n_estimators=500, n_jobs=1,
            oob_score=False, random_state=7, verbose=0, warm_start=False), 'clf__max_depth': 5, 'clf__max_features': 3, 'clf__min_samples_leaf': 5, 'clf__n_estimators': 500, 'clf__random_state': 7}",3,0.8146067415730337,0.8500707213578501,0.8361581920903954,0.844632768361582,0.8192090395480226,0.8389830508474576,0.7909604519774012,0.8531073446327684,0.8352272727272727,0.8392101551480959,0.025574091600020457,0.004845587233944909,0.016502675261995926,0.005676274698587229,V000203
6,1.2487228870391847,0.062364625930786136,0.8112994350282486,0.8350321055116471,"RandomForestClassifier(bootstrap=True, class_weight=None, criterion='gini',
            max_depth=None, max_features=None, max_leaf_nodes=None,
            min_impurity_decrease=0.0, min_impurity_split=None,
            min_samples_leaf=5, min_samples_split=2,
            min_weight_fraction_leaf=0.0, n_estimators=500, n_jobs=1,
            oob_score=False, random_state=7, verbose=0, warm_start=False)",5,3,10,500,7,,"{'clf': RandomForestClassifier(bootstrap=True, class_weight=None, criterion='gini',
            max_depth=None, max_features=None, max_leaf_nodes=None,
            min_impurity_decrease=0.0, min_impurity_split=None,
            min_samples_leaf=5, min_samples_split=2,
            min_weight_fraction_leaf=0.0, n_estimators=500, n_jobs=1,
            oob_score=False, random_state=7, verbose=0, warm_start=False), 'clf__max_depth': 5, 'clf__max_features': 3, 'clf__min_samples_leaf': 10, 'clf__n_estimators': 500, 'clf__random_state': 7}",9,0.8146067415730337,0.8401697312588402,0.8248587570621468,0.8319209039548022,0.8135593220338984,0.8305084745762712,0.7909604519774012,0.846045197740113,0.8125,0.8265162200282088,0.061121737862288035,0.004271997093455988,0.011091166057629958,0.007075966595239926,V000203
7,1.5138245582580567,0.059358739852905275,0.8203389830508474,0.864127780458201,"RandomForestClassifier(bootstrap=True, class_weight=None, criterion='gini',
            max_depth=None, max_features=None, max_leaf_nodes=None,
            min_impurity_decrease=0.0, min_impurity_split=None,
            min_samples_leaf=5, min_samples_split=2,
            min_weight_fraction_leaf=0.0, n_estimators=500, n_jobs=1,
            oob_score=False, random_state=7, verbose=0, warm_start=False)",5,,5,500,7,,"{'clf': RandomForestClassifier(bootstrap=True, class_weight=None, criterion='gini',
            max_depth=None, max_features=None, max_leaf_nodes=None,
            min_impurity_decrease=0.0, min_impurity_split=None,
            min_samples_leaf=5, min_samples_split=2,
            min_weight_fraction_leaf=0.0, n_estimators=500, n_jobs=1,
            oob_score=False, random_state=7, verbose=0, warm_start=False), 'clf__max_depth': 5, 'clf__max_features': None, 'clf__min_samples_leaf': 5, 'clf__n_estimators': 500, 'clf__random_state': 7}",2,0.7865168539325843,0.8755304101838756,0.8305084745762712,0.8700564971751412,0.8418079096045198,0.8488700564971752,0.7966101694915254,0.8629943502824858,0.8465909090909091,0.8631875881523272,0.08059703929012144,0.004411105887518902,0.024343620663035213,0.008945796918963354,V000203
8,1.2497227668762207,0.05233926773071289,0.8135593220338984,0.8505692440105334,"RandomForestClassifier(bootstrap=True, class_weight=None, criterion='gini',
            max_depth=None, max_features=None, max_leaf_nodes=None,
            min_impurity_decrease=0.0, min_impurity_split=None,
            min_samples_leaf=5, min_samples_split=2,
            min_weight_fraction_leaf=0.0, n_estimators=500, n_jobs=1,
            oob_score=False, random_state=7, verbose=0, warm_start=False)",5,,10,500,7,,"{'clf': RandomForestClassifier(bootstrap=True, class_weight=None, criterion='gini',
            max_depth=None, max_features=None, max_leaf_nodes=None,
            min_impurity_decrease=0.0, min_impurity_split=None,
            min_samples_leaf=5, min_samples_split=2,
            min_weight_fraction_leaf=0.0, n_estimators=500, n_jobs=1,
            oob_score=False, random_state=7, verbose=0, warm_start=False), 'clf__max_depth': 5, 'clf__max_features': None, 'clf__min_samples_leaf': 10, 'clf__n_estimators': 500, 'clf__random_state': 7}",8,0.7865168539325843,0.8613861386138614,0.8361581920903954,0.8573446327683616,0.8361581920903954,0.8403954802259888,0.7853107344632768,0.847457627118644,0.8238636363636364,0.846262341325811,0.09832772312098169,0.002933472818771949,0.023066886482938257,0.007676563575461129,V000203
9,1.0034701824188232,0.057753372192382815,0.8192090395480226,0.8675156165694945,"RandomForestClassifier(bootstrap=True, class_weight=None, criterion='gini',
            max_depth=None, max_features=None, max_leaf_nodes=None,
            min_impurity_decrease=0.0, min_impurity_split=None,
            min_samples_leaf=5, min_samples_split=2,
            min_weight_fraction_leaf=0.0, n_estimators=500, n_jobs=1,
            oob_score=False, random_state=7, verbose=0, warm_start=False)",,3,5,500,7,,"{'clf': RandomForestClassifier(bootstrap=True, class_weight=None, criterion='gini',
            max_depth=None, max_features=None, max_leaf_nodes=None,
            min_impurity_decrease=0.0, min_impurity_split=None,
            min_samples_leaf=5, min_samples_split=2,
            min_weight_fraction_leaf=0.0, n_estimators=500, n_jobs=1,
            oob_score=False, random_state=7, verbose=0, warm_start=False), 'clf__max_depth': None, 'clf__max_features': 3, 'clf__min_samples_leaf': 5, 'clf__n_estimators': 500, 'clf__random_state': 7}",3,0.8089887640449438,0.8727015558698727,0.8248587570621468,0.8700564971751412,0.8305084745762712,0.8531073446327684,0.7909604519774012,0.8742937853107344,0.8409090909090909,0.8674188998589563,0.013410767091201294,0.009267517294048313,0.01749774401350327,0.007574975465159317,V000203
10,0.9401060104370117,0.05133638381958008,0.8146892655367232,0.8420910649755216,"RandomForestClassifier(bootstrap=True, class_weight=None, criterion='gini',
            max_depth=None, max_features=None, max_leaf_nodes=None,
            min_impurity_decrease=0.0, min_impurity_split=None,
            min_samples_leaf=5, min_samples_split=2,
            min_weight_fraction_leaf=0.0, n_estimators=500, n_jobs=1,
            oob_score=False, random_state=7, verbose=0, warm_start=False)",,3,10,500,7,,"{'clf': RandomForestClassifier(bootstrap=True, class_weight=None, criterion='gini',
            max_depth=None, max_features=None, max_leaf_nodes=None,
            min_impurity_decrease=0.0, min_impurity_split=None,
            min_samples_leaf=5, min_samples_split=2,
            min_weight_fraction_leaf=0.0, n_estimators=500, n_jobs=1,
            oob_score=False, random_state=7, verbose=0, warm_start=False), 'clf__max_depth': None, 'clf__max_features': 3, 'clf__min_samples_leaf': 10, 'clf__n_estimators': 500, 'clf__random_state': 7}",5,0.8146067415730337,0.8401697312588402,0.8305084745762712,0.8432203389830508,0.8248587570621468,0.8347457627118644,0.7853107344632768,0.8545197740112994,0.8181818181818182,0.8377997179125529,0.0045114331596222326,0.0020452672938871936,0.015677371453087226,0.006808945825754534,V000203
11,1.4271947860717773,0.05715160369873047,0.8327683615819209,0.8898304194339562,"RandomForestClassifier(bootstrap=True, class_weight=None, criterion='gini',
            max_depth=None, max_features=None, max_leaf_nodes=None,
            min_impurity_decrease=0.0, min_impurity_split=None,
            min_samples_leaf=5, min_samples_split=2,
            min_weight_fraction_leaf=0.0, n_estimators=500, n_jobs=1,
            oob_score=False, random_state=7, verbose=0, warm_start=False)",,,5,500,7,,"{'clf': RandomForestClassifier(bootstrap=True, class_weight=None, criterion='gini',
            max_depth=None, max_features=None, max_leaf_nodes=None,
            min_impurity_decrease=0.0, min_impurity_split=None,
            min_samples_leaf=5, min_samples_split=2,
            min_weight_fraction_leaf=0.0, n_estimators=500, n_jobs=1,
            oob_score=False, random_state=7, verbose=0, warm_start=False), 'clf__max_depth': None, 'clf__max_features': None, 'clf__min_samples_leaf': 5, 'clf__n_estimators': 500, 'clf__random_state': 7}",1,0.7921348314606742,0.8882602545968883,0.8305084745762712,0.8968926553672316,0.8757062146892656,0.882768361581921,0.8135593220338984,0.8926553672316384,0.8522727272727273,0.8885754583921015,0.07609350494343223,0.004109477042399269,0.02917682799753146,0.00472797022779345,V000203
12,1.5804016590118408,0.06457161903381348,0.8146892655367232,0.8596084037484027,"RandomForestClassifier(bootstrap=True, class_weight=None, criterion='gini',
            max_depth=None, max_features=None, max_leaf_nodes=None,
            min_impurity_decrease=0.0, min_impurity_split=None,
            min_samples_leaf=5, min_samples_split=2,
            min_weight_fraction_leaf=0.0, n_estimators=500, n_jobs=1,
            oob_score=False, random_state=7, verbose=0, warm_start=False)",,,10,500,7,,"{'clf': RandomForestClassifier(bootstrap=True, class_weight=None, criterion='gini',
            max_depth=None, max_features=None, max_leaf_nodes=None,
            min_impurity_decrease=0.0, min_impurity_split=None,
            min_samples_leaf=5, min_samples_split=2,
            min_weight_fraction_leaf=0.0, n_estimators=500, n_jobs=1,
            oob_score=False, random_state=7, verbose=0, warm_start=False), 'clf__max_depth': None, 'clf__max_features': None, 'clf__min_samples_leaf': 10, 'clf__n_estimators': 500, 'clf__random_state': 7}",5,0.7865168539325843,0.8741159830268741,0.8361581920903954,0.865819209039548,0.8361581920903954,0.846045197740113,0.7909604519774012,0.8516949152542372,0.8238636363636364,0.8603667136812412,0.4500716642985221,0.01690447137418086,0.02175660187888398,0.009961956135322898,V000203
13,0.29979739189147947,0.06918363571166992,0.7898305084745763,0.8014138652994175,"LogisticRegression(C=1.0, class_weight=None, dual=False, fit_intercept=True,
          intercept_scaling=1, max_iter=100, multi_class='ovr', n_jobs=1,
          penalty='l2', random_state=None, solver='liblinear', tol=0.0001,
          verbose=0, warm_start=False)",,,,,7,,"{'clf': LogisticRegression(C=1.0, class_weight=None, dual=False, fit_intercept=True,
          intercept_scaling=1, max_iter=100, multi_class='ovr', n_jobs=1,
          penalty='l2', random_state=None, solver='liblinear', tol=0.0001,
          verbose=0, warm_start=False), 'clf__random_state': 7}",13,0.7808988764044944,0.801980198019802,0.7796610169491526,0.7994350282485876,0.7740112994350282,0.806497175141243,0.7853107344632768,0.8022598870056498,0.8295454545454546,0.7968970380818053,0.35821246546394675,0.07917155561369645,0.020113104256573283,0.003199814013754337,V000203
,mean_fit_time,mean_score_time,mean_test_score,mean_train_score,param_clf,param_clf__max_depth,param_clf__max_features,param_clf__min_samples_leaf,param_clf__n_estimators,param_clf__random_state,param_clf__strategy,params,rank_test_score,split0_test_score,split0_train_score,split1_test_score,split1_train_score,split2_test_score,split2_train_score,split3_test_score,split3_train_score,split4_test_score,split4_train_score,std_fit_time,std_score_time,std_test_score,std_train_score,Version
0,0.0032102584838867186,0.0016022205352783203,0.6146892655367232,0.6146893573950843,"DummyClassifier(constant=None, random_state=None, strategy='stratified')",,,,,,most_frequent,"{'clf': DummyClassifier(constant=None, random_state=None, strategy='stratified'), 'clf__strategy': 'most_frequent'}",14,0.6123595505617978,0.6152758132956153,0.615819209039548,0.614406779661017,0.615819209039548,0.614406779661017,0.615819209039548,0.614406779661017,0.6136363636363636,0.614950634696756,0.00040105716905477096,0.0004893412344390589,0.0014415888590204754,0.00036103929952523877,V000203
1,1.183546781539917,0.06477203369140624,0.8011299435028248,0.8081931312690586,"RandomForestClassifier(bootstrap=True, class_weight=None, criterion='gini',
            max_depth=None, max_features=None, max_leaf_nodes=None,
            min_impurity_decrease=0.0, min_impurity_split=None,
            min_samples_leaf=5, min_samples_split=2,
            min_weight_fraction_leaf=0.0, n_estimators=500, n_jobs=1,
            oob_score=False, random_state=7, verbose=0, warm_start=False)",3,3,5,500,7,,"{'clf': RandomForestClassifier(bootstrap=True, class_weight=None, criterion='gini',
            max_depth=None, max_features=None, max_leaf_nodes=None,
            min_impurity_decrease=0.0, min_impurity_split=None,
            min_samples_leaf=5, min_samples_split=2,
            min_weight_fraction_leaf=0.0, n_estimators=500, n_jobs=1,
            oob_score=False, random_state=7, verbose=0, warm_start=False), 'clf__max_depth': 3, 'clf__max_features': 3, 'clf__min_samples_leaf': 5, 'clf__n_estimators': 500, 'clf__random_state': 7}",11,0.8033707865168539,0.8062234794908062,0.8248587570621468,0.806497175141243,0.7796610169491526,0.809322033898305,0.7909604519774012,0.8163841807909604,0.8068181818181818,0.8025387870239774,0.07218891624120047,0.012075551730844042,0.015261801712275444,0.00462806909139219,V000203
2,1.2138276100158691,0.062364959716796876,0.7988700564971751,0.8079138418389048,"RandomForestClassifier(bootstrap=True, class_weight=None, criterion='gini',
            max_depth=None, max_features=None, max_leaf_nodes=None,
            min_impurity_decrease=0.0, min_impurity_split=None,
            min_samples_leaf=5, min_samples_split=2,
            min_weight_fraction_leaf=0.0, n_estimators=500, n_jobs=1,
            oob_score=False, random_state=7, verbose=0, warm_start=False)",3,3,10,500,7,,"{'clf': RandomForestClassifier(bootstrap=True, class_weight=None, criterion='gini',
            max_depth=None, max_features=None, max_leaf_nodes=None,
            min_impurity_decrease=0.0, min_impurity_split=None,
            min_samples_leaf=5, min_samples_split=2,
            min_weight_fraction_leaf=0.0, n_estimators=500, n_jobs=1,
            oob_score=False, random_state=7, verbose=0, warm_start=False), 'clf__max_depth': 3, 'clf__max_features': 3, 'clf__min_samples_leaf': 10, 'clf__n_estimators': 500, 'clf__random_state': 7}",12,0.7921348314606742,0.8175388967468176,0.8248587570621468,0.8022598870056498,0.7909604519774012,0.809322033898305,0.7909604519774012,0.807909604519774,0.7954545454545454,0.8025387870239774,0.03687650751630865,0.01903890560304658,0.013097752463184054,0.005576434780956899,V000203
3,1.2914334774017333,0.052540016174316403,0.8146892655367232,0.8319215644333262,"RandomForestClassifier(bootstrap=True, class_weight=None, criterion='gini',
            max_depth=None, max_features=None, max_leaf_nodes=None,
            min_impurity_decrease=0.0, min_impurity_split=None,
            min_samples_leaf=5, min_samples_split=2,
            min_weight_fraction_leaf=0.0, n_estimators=500, n_jobs=1,
            oob_score=False, random_state=7, verbose=0, warm_start=False)",3,,5,500,7,,"{'clf': RandomForestClassifier(bootstrap=True, class_weight=None, criterion='gini',
            max_depth=None, max_features=None, max_leaf_nodes=None,
            min_impurity_decrease=0.0, min_impurity_split=None,
            min_samples_leaf=5, min_samples_split=2,
            min_weight_fraction_leaf=0.0, n_estimators=500, n_jobs=1,
            oob_score=False, random_state=7, verbose=0, warm_start=False), 'clf__max_depth': 3, 'clf__max_features': None, 'clf__min_samples_leaf': 5, 'clf__n_estimators': 500, 'clf__random_state': 7}",5,0.797752808988764,0.8288543140028288,0.8248587570621468,0.8305084745762712,0.8192090395480226,0.8319209039548022,0.7966101694915254,0.8418079096045198,0.8352272727272727,0.8265162200282088,0.07422144768727922,0.0064235022058349595,0.015222295541640665,0.005260464191792332,V000203
4,1.0820772171020507,0.04812765121459961,0.8067796610169492,0.8254255811965866,"RandomForestClassifier(bootstrap=True, class_weight=None, criterion='gini',
            max_depth=None, max_features=None, max_leaf_nodes=None,
            min_impurity_decrease=0.0, min_impurity_split=None,
            min_samples_leaf=5, min_samples_split=2,
            min_weight_fraction_leaf=0.0, n_estimators=500, n_jobs=1,
            oob_score=False, random_state=7, verbose=0, warm_start=False)",3,,10,500,7,,"{'clf': RandomForestClassifier(bootstrap=True, class_weight=None, criterion='gini',
            max_depth=None, max_features=None, max_leaf_nodes=None,
            min_impurity_decrease=0.0, min_impurity_split=None,
            min_samples_leaf=5, min_samples_split=2,
            min_weight_fraction_leaf=0.0, n_estimators=500, n_jobs=1,
            oob_score=False, random_state=7, verbose=0, warm_start=False), 'clf__max_depth': 3, 'clf__max_features': None, 'clf__min_samples_leaf': 10, 'clf__n_estimators': 500, 'clf__random_state': 7}",10,0.7921348314606742,0.8246110325318247,0.8248587570621468,0.826271186440678,0.8135593220338984,0.8234463276836158,0.7966101694915254,0.8347457627118644,0.8068181818181818,0.8180535966149506,0.0607301346920906,0.001793602963338139,0.011763675311337997,0.005413093798823603,V000203
5,1.0273317337036132,0.0527400016784668,0.8192090395480226,0.8452008080695508,"RandomForestClassifier(bootstrap=True, class_weight=None, criterion='gini',
            max_depth=None, max_features=None, max_leaf_nodes=None,
            min_impurity_decrease=0.0, min_impurity_split=None,
            min_samples_leaf=5, min_samples_split=2,
            min_weight_fraction_leaf=0.0, n_estimators=500, n_jobs=1,
            oob_score=False, random_state=7, verbose=0, warm_start=False)",5,3,5,500,7,,"{'clf': RandomForestClassifier(bootstrap=True, class_weight=None, criterion='gini',
            max_depth=None, max_features=None, max_leaf_nodes=None,
            min_impurity_decrease=0.0, min_impurity_split=None,
            min_samples_leaf=5, min_samples_split=2,
            min_weight_fraction_leaf=0.0, n_estimators=500, n_jobs=1,
            oob_score=False, random_state=7, verbose=0, warm_start=False), 'clf__max_depth': 5, 'clf__max_features': 3, 'clf__min_samples_leaf': 5, 'clf__n_estimators': 500, 'clf__random_state': 7}",3,0.8146067415730337,0.8500707213578501,0.8361581920903954,0.844632768361582,0.8192090395480226,0.8389830508474576,0.7909604519774012,0.8531073446327684,0.8352272727272727,0.8392101551480959,0.07113014764218221,0.004187174189844079,0.016502675261995926,0.005676274698587229,V000203
6,1.1179724216461182,0.06256608963012696,0.8112994350282486,0.8350321055116471,"RandomForestClassifier(bootstrap=True, class_weight=None, criterion='gini',
            max_depth=None, max_features=None, max_leaf_nodes=None,
            min_impurity_decrease=0.0, min_impurity_split=None,
            min_samples_leaf=5, min_samples_split=2,
            min_weight_fraction_leaf=0.0, n_estimators=500, n_jobs=1,
            oob_score=False, random_state=7, verbose=0, warm_start=False)",5,3,10,500,7,,"{'clf': RandomForestClassifier(bootstrap=True, class_weight=None, criterion='gini',
            max_depth=None, max_features=None, max_leaf_nodes=None,
            min_impurity_decrease=0.0, min_impurity_split=None,
            min_samples_leaf=5, min_samples_split=2,
            min_weight_fraction_leaf=0.0, n_estimators=500, n_jobs=1,
            oob_score=False, random_state=7, verbose=0, warm_start=False), 'clf__max_depth': 5, 'clf__max_features': 3, 'clf__min_samples_leaf': 10, 'clf__n_estimators': 500, 'clf__random_state': 7}",9,0.8146067415730337,0.8401697312588402,0.8248587570621468,0.8319209039548022,0.8135593220338984,0.8305084745762712,0.7909604519774012,0.846045197740113,0.8125,0.8265162200282088,0.0629690451080661,0.013430915681718392,0.011091166057629958,0.007075966595239926,V000203
7,1.3142940521240234,0.06236591339111328,0.8203389830508474,0.864127780458201,"RandomForestClassifier(bootstrap=True, class_weight=None, criterion='gini',
            max_depth=None, max_features=None, max_leaf_nodes=None,
            min_impurity_decrease=0.0, min_impurity_split=None,
            min_samples_leaf=5, min_samples_split=2,
            min_weight_fraction_leaf=0.0, n_estimators=500, n_jobs=1,
            oob_score=False, random_state=7, verbose=0, warm_start=False)",5,,5,500,7,,"{'clf': RandomForestClassifier(bootstrap=True, class_weight=None, criterion='gini',
            max_depth=None, max_features=None, max_leaf_nodes=None,
            min_impurity_decrease=0.0, min_impurity_split=None,
            min_samples_leaf=5, min_samples_split=2,
            min_weight_fraction_leaf=0.0, n_estimators=500, n_jobs=1,
            oob_score=False, random_state=7, verbose=0, warm_start=False), 'clf__max_depth': 5, 'clf__max_features': None, 'clf__min_samples_leaf': 5, 'clf__n_estimators': 500, 'clf__random_state': 7}",2,0.7865168539325843,0.8755304101838756,0.8305084745762712,0.8700564971751412,0.8418079096045198,0.8488700564971752,0.7966101694915254,0.8629943502824858,0.8465909090909091,0.8631875881523272,0.06927913346234227,0.01142178238241262,0.024343620663035213,0.008945796918963354,V000203
8,1.1775306224823,0.04973311424255371,0.8135593220338984,0.8505692440105334,"RandomForestClassifier(bootstrap=True, class_weight=None, criterion='gini',
            max_depth=None, max_features=None, max_leaf_nodes=None,
            min_impurity_decrease=0.0, min_impurity_split=None,
            min_samples_leaf=5, min_samples_split=2,
            min_weight_fraction_leaf=0.0, n_estimators=500, n_jobs=1,
            oob_score=False, random_state=7, verbose=0, warm_start=False)",5,,10,500,7,,"{'clf': RandomForestClassifier(bootstrap=True, class_weight=None, criterion='gini',
            max_depth=None, max_features=None, max_leaf_nodes=None,
            min_impurity_decrease=0.0, min_impurity_split=None,
            min_samples_leaf=5, min_samples_split=2,
            min_weight_fraction_leaf=0.0, n_estimators=500, n_jobs=1,
            oob_score=False, random_state=7, verbose=0, warm_start=False), 'clf__max_depth': 5, 'clf__max_features': None, 'clf__min_samples_leaf': 10, 'clf__n_estimators': 500, 'clf__random_state': 7}",8,0.7865168539325843,0.8613861386138614,0.8361581920903954,0.8573446327683616,0.8361581920903954,0.8403954802259888,0.7853107344632768,0.847457627118644,0.8238636363636364,0.846262341325811,0.05097092291923802,0.001203640581575434,0.023066886482938257,0.007676563575461129,V000203
9,1.1009267807006835,0.061362934112548825,0.8192090395480226,0.8675156165694945,"RandomForestClassifier(bootstrap=True, class_weight=None, criterion='gini',
            max_depth=None, max_features=None, max_leaf_nodes=None,
            min_impurity_decrease=0.0, min_impurity_split=None,
            min_samples_leaf=5, min_samples_split=2,
            min_weight_fraction_leaf=0.0, n_estimators=500, n_jobs=1,
            oob_score=False, random_state=7, verbose=0, warm_start=False)",,3,5,500,7,,"{'clf': RandomForestClassifier(bootstrap=True, class_weight=None, criterion='gini',
            max_depth=None, max_features=None, max_leaf_nodes=None,
            min_impurity_decrease=0.0, min_impurity_split=None,
            min_samples_leaf=5, min_samples_split=2,
            min_weight_fraction_leaf=0.0, n_estimators=500, n_jobs=1,
            oob_score=False, random_state=7, verbose=0, warm_start=False), 'clf__max_depth': None, 'clf__max_features': 3, 'clf__min_samples_leaf': 5, 'clf__n_estimators': 500, 'clf__random_state': 7}",3,0.8089887640449438,0.8727015558698727,0.8248587570621468,0.8700564971751412,0.8305084745762712,0.8531073446327684,0.7909604519774012,0.8742937853107344,0.8409090909090909,0.8674188998589563,0.07187023393539753,0.007955486361478284,0.01749774401350327,0.007574975465159317,V000203
10,1.1995896816253662,0.06397070884704589,0.8146892655367232,0.8420910649755216,"RandomForestClassifier(bootstrap=True, class_weight=None, criterion='gini',
            max_depth=None, max_features=None, max_leaf_nodes=None,
            min_impurity_decrease=0.0, min_impurity_split=None,
            min_samples_leaf=5, min_samples_split=2,
            min_weight_fraction_leaf=0.0, n_estimators=500, n_jobs=1,
            oob_score=False, random_state=7, verbose=0, warm_start=False)",,3,10,500,7,,"{'clf': RandomForestClassifier(bootstrap=True, class_weight=None, criterion='gini',
            max_depth=None, max_features=None, max_leaf_nodes=None,
            min_impurity_decrease=0.0, min_impurity_split=None,
            min_samples_leaf=5, min_samples_split=2,
            min_weight_fraction_leaf=0.0, n_estimators=500, n_jobs=1,
            oob_score=False, random_state=7, verbose=0, warm_start=False), 'clf__max_depth': None, 'clf__max_features': 3, 'clf__min_samples_leaf': 10, 'clf__n_estimators': 500, 'clf__random_state': 7}",5,0.8146067415730337,0.8401697312588402,0.8305084745762712,0.8432203389830508,0.8248587570621468,0.8347457627118644,0.7853107344632768,0.8545197740112994,0.8181818181818182,0.8377997179125529,0.03330178662963368,0.008302494146095182,0.015677371453087226,0.006808945825754534,V000203
11,1.647179412841797,0.06898326873779297,0.8327683615819209,0.8898304194339562,"RandomForestClassifier(bootstrap=True, class_weight=None, criterion='gini',
            max_depth=None, max_features=None, max_leaf_nodes=None,
            min_impurity_decrease=0.0, min_impurity_split=None,
            min_samples_leaf=5, min_samples_split=2,
            min_weight_fraction_leaf=0.0, n_estimators=500, n_jobs=1,
            oob_score=False, random_state=7, verbose=0, warm_start=False)",,,5,500,7,,"{'clf': RandomForestClassifier(bootstrap=True, class_weight=None, criterion='gini',
            max_depth=None, max_features=None, max_leaf_nodes=None,
            min_impurity_decrease=0.0, min_impurity_split=None,
            min_samples_leaf=5, min_samples_split=2,
            min_weight_fraction_leaf=0.0, n_estimators=500, n_jobs=1,
            oob_score=False, random_state=7, verbose=0, warm_start=False), 'clf__max_depth': None, 'clf__max_features': None, 'clf__min_samples_leaf': 5, 'clf__n_estimators': 500, 'clf__random_state': 7}",1,0.7921348314606742,0.8882602545968883,0.8305084745762712,0.8968926553672316,0.8757062146892656,0.882768361581921,0.8135593220338984,0.8926553672316384,0.8522727272727273,0.8885754583921015,0.042441902938913374,0.00943556696769233,0.02917682799753146,0.00472797022779345,V000203
12,1.5844139099121093,0.06136112213134766,0.8146892655367232,0.8596084037484027,"RandomForestClassifier(bootstrap=True, class_weight=None, criterion='gini',
            max_depth=None, max_features=None, max_leaf_nodes=None,
            min_impurity_decrease=0.0, min_impurity_split=None,
            min_samples_leaf=5, min_samples_split=2,
            min_weight_fraction_leaf=0.0, n_estimators=500, n_jobs=1,
            oob_score=False, random_state=7, verbose=0, warm_start=False)",,,10,500,7,,"{'clf': RandomForestClassifier(bootstrap=True, class_weight=None, criterion='gini',
            max_depth=None, max_features=None, max_leaf_nodes=None,
            min_impurity_decrease=0.0, min_impurity_split=None,
            min_samples_leaf=5, min_samples_split=2,
            min_weight_fraction_leaf=0.0, n_estimators=500, n_jobs=1,
            oob_score=False, random_state=7, verbose=0, warm_start=False), 'clf__max_depth': None, 'clf__max_features': None, 'clf__min_samples_leaf': 10, 'clf__n_estimators': 500, 'clf__random_state': 7}",5,0.7865168539325843,0.8741159830268741,0.8361581920903954,0.865819209039548,0.8361581920903954,0.846045197740113,0.7909604519774012,0.8516949152542372,0.8238636363636364,0.8603667136812412,0.11234549632268555,0.010328811040094322,0.02175660187888398,0.009961956135322898,V000203
13,0.46042394638061523,0.04070835113525391,0.7898305084745763,0.8014138652994175,"LogisticRegression(C=1.0, class_weight=None, dual=False, fit_intercept=True,
          intercept_scaling=1, max_iter=100, multi_class='ovr', n_jobs=1,
          penalty='l2', random_state=None, solver='liblinear', tol=0.0001,
          verbose=0, warm_start=False)",,,,,7,,"{'clf': LogisticRegression(C=1.0, class_weight=None, dual=False, fit_intercept=True,
          intercept_scaling=1, max_iter=100, multi_class='ovr', n_jobs=1,
          penalty='l2', random_state=None, solver='liblinear', tol=0.0001,
          verbose=0, warm_start=False), 'clf__random_state': 7}",13,0.7808988764044944,0.801980198019802,0.7796610169491526,0.7994350282485876,0.7740112994350282,0.806497175141243,0.7853107344632768,0.8022598870056498,0.8295454545454546,0.7968970380818053,0.227694394669626,0.03310740998107699,0.020113104256573283,0.003199814013754337,V000203
